{
  "main": {
    "id": "26bc2d0fa48fb5e2",
    "type": "split",
    "children": [
      {
        "id": "72588db2ea2c5105",
        "type": "tabs",
        "children": [
          {
            "id": "2c782eec78442dfd",
            "type": "leaf",
            "state": {
              "type": "empty",
              "state": {},
              "icon": "lucide-file",
              "title": "New tab"
            }
          }
        ]
      }
    ],
    "direction": "vertical"
  },
  "left": {
    "id": "32b6880c29d5426b",
    "type": "split",
    "children": [
      {
        "id": "c2b68cbc9df3bf6a",
        "type": "tabs",
        "children": [
          {
            "id": "423c5b4a0f55f56b",
            "type": "leaf",
            "state": {
              "type": "file-explorer",
              "state": {
                "sortOrder": "alphabetical"
              },
              "icon": "lucide-folder-closed",
              "title": "Files"
            }
          },
          {
            "id": "dea9855e427bae32",
            "type": "leaf",
            "state": {
              "type": "search",
              "state": {
                "query": "",
                "matchingCase": false,
                "explainSearch": false,
                "collapseAll": false,
                "extraContext": false,
                "sortOrder": "alphabetical"
              },
              "icon": "lucide-search",
              "title": "Search"
            }
          },
          {
            "id": "c3b9eb2ef2f12e78",
            "type": "leaf",
            "state": {
              "type": "bookmarks",
              "state": {},
              "icon": "lucide-bookmark",
              "title": "Bookmarks"
            }
          }
        ]
      }
    ],
    "direction": "horizontal",
    "width": 200
  },
  "right": {
    "id": "1ab3b0d336a2fb9e",
    "type": "split",
    "children": [
      {
        "id": "4a0464f555458272",
        "type": "tabs",
        "children": [
          {
            "id": "d4d8f60dafa63089",
            "type": "leaf",
            "state": {
              "type": "backlink",
              "state": {
                "collapseAll": false,
                "extraContext": false,
                "sortOrder": "alphabetical",
                "showSearch": false,
                "searchQuery": "",
                "backlinkCollapsed": false,
                "unlinkedCollapsed": true
              },
              "icon": "links-coming-in",
              "title": "Backlinks"
            }
          },
          {
            "id": "92a2a54912c6500c",
            "type": "leaf",
            "state": {
              "type": "outgoing-link",
              "state": {
                "linksCollapsed": false,
                "unlinkedCollapsed": true
              },
              "icon": "links-going-out",
              "title": "Outgoing links"
            }
          },
          {
            "id": "7d2104d9962ff98b",
            "type": "leaf",
            "state": {
              "type": "tag",
              "state": {
                "sortOrder": "frequency",
                "useHierarchy": true
              },
              "icon": "lucide-tags",
              "title": "Tags"
            }
          },
          {
            "id": "1718e8f59fba85a6",
            "type": "leaf",
            "state": {
              "type": "outline",
              "state": {},
              "icon": "lucide-list",
              "title": "Outline"
            }
          }
        ]
      }
    ],
    "direction": "horizontal",
    "width": 300,
    "collapsed": true
  },
  "left-ribbon": {
    "hiddenItems": {
      "switcher:Open quick switcher": false,
      "graph:Open graph view": false,
      "canvas:Create new canvas": false,
      "daily-notes:Open today's daily note": false,
      "templates:Insert template": false,
      "command-palette:Open command palette": false
    }
  },
  "active": "423c5b4a0f55f56b",
  "lastOpenFiles": [
    "SBI account todo.md",
    "SBI ACCOUNTS/SBI account todo 1.md",
    "INDIAN BANK/ONLINE TRANSACTION PASSWORD RESET.md",
    "SBI ACCOUNTS",
    "PF_ACCOUNTS/PF-ACCOUNTS.canvas",
    "INDIAN BANK",
    "IMG_20190622_093724.jpg",
    "IMG_20190622_100559.jpg",
    "20250115_111844.jpg",
    "20250115_111833.jpg",
    "css modules.md",
    "React/Advanced.md",
    "styling options for React Applications.md",
    "single-page-applications (SPA).md",
    "React Router.md",
    "vite-setup.md",
    "Link.md",
    "WEB_FREE_LANCE/FREELANCE.canvas",
    "React/Server Side Concepts.md",
    "useReducer Hook.md",
    "Pasted image 20250112071935.png",
    "json-server.md",
    "Redux.md",
    "intro.md",
    "PF_ACCOUNTS/Untitled.md",
    "React/react.canvas",
    "PF_ACCOUNTS",
    "React",
    "README.md",
    "Pasted image 20250101104055.png",
    "Pasted image 20250101103646.png",
    "Pasted image 20250101103107.png",
    "Pasted image 20250101102619.png",
    "Pasted image 20250101101900.png",
    "WEB_FREE_LANCE/Untitled.canvas",
    "Untitled.canvas",
    "WEB_FREE_LANCE"
  ]
}